"id","auth","confirmed","policyagreed","deleted","suspended","mnethostid","username","password","idnumber","firstname","lastname","email","emailstop","icq","skype","yahoo","aim","msn","phone1","phone2","institution","department","address","city","country","lang","calendartype","theme","timezone","firstaccess","lastaccess","lastlogin","currentlogin","lastip","secret","picture","url","description","descriptionformat","mailformat","maildigest","maildisplay","autosubscribe","trackforums","timecreated","timemodified","trustbitmask","imagealt","lastnamephonetic","firstnamephonetic","middlename","alternatename"
"1","manual","0","0","0","0","0","test01","123456",,"user1","test","test.user1@example.com","0",,,,,,,,,,,,,"en","gregorian",,"99","0","0","0","0",,,"0",,"Lorem ipsum dolor sit amet, consectetur adipiscing elit. In elementum est a justo rhoncus vehicula. Vivamus sodales molestie neque a cursus. Phasellus vulputate vehicula purus sit amet lobortis. Nullam sit amet ante sit amet nunc pulvinar lacinia. Vestibulum id posuere velit. Vestibulum eu varius tortor. Sed semper dui vitae nisi malesuada, vitae pharetra ligula feugiat.

Sed ut lacus tortor. Aliquam egestas lacus eu libero dapibus bibendum. Vivamus porttitor est vitae felis placerat, a dictum erat suscipit. Proin ut viverra odio. Curabitur et tellus lorem. Maecenas vel tincidunt sapien, et pellentesque leo. Cras non viverra est. Mauris ac mauris nisi. Aliquam erat volutpat.

Phasellus gravida aliquet tempor. Donec fringilla enim at arcu luctus fringilla. Nulla egestas arcu sed dapibus aliquet. Nunc at nibh sit amet nibh ultricies ultricies quis sit amet orci. Nulla facilisi. Lorem ipsum dolor sit amet, consectetur adipiscing elit. Donec mauris erat, auctor eget lacinia non, semper at tortor. Aenean lobortis urna sed sem semper ultricies at et ante. Ut dictum ex feugiat accumsan egestas. Aliquam a eros ac est iaculis eleifend non et tortor.

Nam rutrum eget ligula vel cursus. Phasellus quis lacinia lacus. In et leo ligula. Etiam blandit nisi a scelerisque placerat. Praesent sodales mauris eu nisi condimentum sollicitudin. Donec venenatis commodo molestie. Nullam egestas ipsum vitae blandit malesuada. Aenean vel eros laoreet, aliquam leo auctor, venenatis ex. Aliquam nec aliquam lacus. Pellentesque porta sagittis tortor a iaculis. Sed at blandit neque.

Quisque nibh ipsum, accumsan sit amet fringilla eu, pulvinar eget lorem. Mauris eget quam sed velit mollis tempus eu interdum purus. In scelerisque, purus non lacinia lobortis, mi arcu blandit urna, vitae eleifend tortor tellus id metus. Integer facilisis ultricies dapibus. Quisque porta vitae odio in commodo. Aenean pharetra rutrum pretium. Vivamus ut ligula nec ipsum varius congue. Donec egestas neque leo, sit amet aliquet velit finibus id. Proin at aliquam metus. Nam aliquam lacinia egestas. Proin luctus lectus sit amet bibendum finibus. Phasellus aliquam laoreet bibendum. Nullam quis turpis imperdiet, tincidunt risus eu, lobortis arcu.Lorem ipsum dolor sit amet, consectetur adipiscing elit. In elementum est a justo rhoncus vehicula. Vivamus sodales molestie neque a cursus. Phasellus vulputate vehicula purus sit amet lobortis. Nullam sit amet ante sit amet nunc pulvinar lacinia. Vestibulum id posuere velit. Vestibulum eu varius tortor. Sed semper dui vitae nisi malesuada, vitae pharetra ligula feugiat.

Sed ut lacus tortor. Aliquam egestas lacus eu libero dapibus bibendum. Vivamus porttitor est vitae felis placerat, a dictum erat suscipit. Proin ut viverra odio. Curabitur et tellus lorem. Maecenas vel tincidunt sapien, et pellentesque leo. Cras non viverra est. Mauris ac mauris nisi. Aliquam erat volutpat.

Phasellus gravida aliquet tempor. Donec fringilla enim at arcu luctus fringilla. Nulla egestas arcu sed dapibus aliquet. Nunc at nibh sit amet nibh ultricies ultricies quis sit amet orci. Nulla facilisi. Lorem ipsum dolor sit amet, consectetur adipiscing elit. Donec mauris erat, auctor eget lacinia non, semper at tortor. Aenean lobortis urna sed sem semper ultricies at et ante. Ut dictum ex feugiat accumsan egestas. Aliquam a eros ac est iaculis eleifend non et tortor.

Nam rutrum eget ligula vel cursus. Phasellus quis lacinia lacus. In et leo ligula. Etiam blandit nisi a scelerisque placerat. Praesent sodales mauris eu nisi condimentum sollicitudin. Donec venenatis commodo molestie. Nullam egestas ipsum vitae blandit malesuada. Aenean vel eros laoreet, aliquam leo auctor, venenatis ex. Aliquam nec aliquam lacus. Pellentesque porta sagittis tortor a iaculis. Sed at blandit neque.

Quisque nibh ipsum, accumsan sit amet fringilla eu, pulvinar eget lorem. Mauris eget quam sed velit mollis tempus eu interdum purus. In scelerisque, purus non lacinia lobortis, mi arcu blandit urna, vitae eleifend tortor tellus id metus. Integer facilisis ultricies dapibus. Quisque porta vitae odio in commodo. Aenean pharetra rutrum pretium. Vivamus ut ligula nec ipsum varius congue. Donec egestas neque leo, sit amet aliquet velit finibus id. Proin at aliquam metus. Nam aliquam lacinia egestas. Proin luctus lectus sit amet bibendum finibus. Phasellus aliquam laoreet bibendum. Nullam quis turpis imperdiet, tincidunt risus eu, lobortis arcu.Lorem ipsum dolor sit amet, consectetur adipiscing elit. In elementum est a justo rhoncus vehicula. Vivamus sodales molestie neque a cursus. Phasellus vulputate vehicula purus sit amet lobortis. Nullam sit amet ante sit amet nunc pulvinar lacinia. Vestibulum id posuere velit. Vestibulum eu varius tortor. Sed semper dui vitae nisi malesuada, vitae pharetra ligula feugiat.

Sed ut lacus tortor. Aliquam egestas lacus eu libero dapibus bibendum. Vivamus porttitor est vitae felis placerat, a dictum erat suscipit. Proin ut viverra odio. Curabitur et tellus lorem. Maecenas vel tincidunt sapien, et pellentesque leo. Cras non viverra est. Mauris ac mauris nisi. Aliquam erat volutpat.

Phasellus gravida aliquet tempor. Donec fringilla enim at arcu luctus fringilla. Nulla egestas arcu sed dapibus aliquet. Nunc at nibh sit amet nibh ultricies ultricies quis sit amet orci. Nulla facilisi. Lorem ipsum dolor sit amet, consectetur adipiscing elit. Donec mauris erat, auctor eget lacinia non, semper at tortor. Aenean lobortis urna sed sem semper ultricies at et ante. Ut dictum ex feugiat accumsan egestas. Aliquam a eros ac est iaculis eleifend non et tortor.

Nam rutrum eget ligula vel cursus. Phasellus quis lacinia lacus. In et leo ligula. Etiam blandit nisi a scelerisque placerat. Praesent sodales mauris eu nisi condimentum sollicitudin. Donec venenatis commodo molestie. Nullam egestas ipsum vitae blandit malesuada. Aenean vel eros laoreet, aliquam leo auctor, venenatis ex. Aliquam nec aliquam lacus. Pellentesque porta sagittis tortor a iaculis. Sed at blandit neque.

Quisque nibh ipsum, accumsan sit amet fringilla eu, pulvinar eget lorem. Mauris eget quam sed velit mollis tempus eu interdum purus. In scelerisque, purus non lacinia lobortis, mi arcu blandit urna, vitae eleifend tortor tellus id metus. Integer facilisis ultricies dapibus. Quisque porta vitae odio in commodo. Aenean pharetra rutrum pretium. Vivamus ut ligula nec ipsum varius congue. Donec egestas neque leo, sit amet aliquet velit finibus id. Proin at aliquam metus. Nam aliquam lacinia egestas. Proin luctus lectus sit amet bibendum finibus. Phasellus aliquam laoreet bibendum. Nullam quis turpis imperdiet, tincidunt risus eu, lobortis arcu.Lorem ipsum dolor sit amet, consectetur adipiscing elit. In elementum est a justo rhoncus vehicula. Vivamus sodales molestie neque a cursus. Phasellus vulputate vehicula purus sit amet lobortis. Nullam sit amet ante sit amet nunc pulvinar lacinia. Vestibulum id posuere velit. Vestibulum eu varius tortor. Sed semper dui vitae nisi malesuada, vitae pharetra ligula feugiat.

Sed ut lacus tortor. Aliquam egestas lacus eu libero dapibus bibendum. Vivamus porttitor est vitae felis placerat, a dictum erat suscipit. Proin ut viverra odio. Curabitur et tellus lorem. Maecenas vel tincidunt sapien, et pellentesque leo. Cras non viverra est. Mauris ac mauris nisi. Aliquam erat volutpat.

Phasellus gravida aliquet tempor. Donec fringilla enim at arcu luctus fringilla. Nulla egestas arcu sed dapibus aliquet. Nunc at nibh sit amet nibh ultricies ultricies quis sit amet orci. Nulla facilisi. Lorem ipsum dolor sit amet, consectetur adipiscing elit. Donec mauris erat, auctor eget lacinia non, semper at tortor. Aenean lobortis urna sed sem semper ultricies at et ante. Ut dictum ex feugiat accumsan egestas. Aliquam a eros ac est iaculis eleifend non et tortor.

Nam rutrum eget ligula vel cursus. Phasellus quis lacinia lacus. In et leo ligula. Etiam blandit nisi a scelerisque placerat. Praesent sodales mauris eu nisi condimentum sollicitudin. Donec venenatis commodo molestie. Nullam egestas ipsum vitae blandit malesuada. Aenean vel eros laoreet, aliquam leo auctor, venenatis ex. Aliquam nec aliquam lacus. Pellentesque porta sagittis tortor a iaculis. Sed at blandit neque.

Quisque nibh ipsum, accumsan sit amet fringilla eu, pulvinar eget lorem. Mauris eget quam sed velit mollis tempus eu interdum purus. In scelerisque, purus non lacinia lobortis, mi arcu blandit urna, vitae eleifend tortor tellus id metus. Integer facilisis ultricies dapibus. Quisque porta vitae odio in commodo. Aenean pharetra rutrum pretium. Vivamus ut ligula nec ipsum varius congue. Donec egestas neque leo, sit amet aliquet velit finibus id. Proin at aliquam metus. Nam aliquam lacinia egestas. Proin luctus lectus sit amet bibendum finibus. Phasellus aliquam laoreet bibendum. Nullam quis turpis imperdiet, tincidunt risus eu, lobortis arcu.","1","1","0","2","1","0","0","0","0",NULL,NULL,NULL,NULL,NULL
"2","manual","0","0","1","0","0","test02","123456",,"user2","test","test.user2@example.com","0",,,,,,,,,,,,,"en","gregorian",,"99","0","0","0","0",,,"0",,"Lorem ipsum dolor sit amet, consectetur adipiscing elit. In elementum est a justo rhoncus vehicula. Vivamus sodales molestie neque a cursus. Phasellus vulputate vehicula purus sit amet lobortis. Nullam sit amet ante sit amet nunc pulvinar lacinia. Vestibulum id posuere velit. Vestibulum eu varius tortor. Sed semper dui vitae nisi malesuada, vitae pharetra ligula feugiat.

Sed ut lacus tortor. Aliquam egestas lacus eu libero dapibus bibendum. Vivamus porttitor est vitae felis placerat, a dictum erat suscipit. Proin ut viverra odio. Curabitur et tellus lorem. Maecenas vel tincidunt sapien, et pellentesque leo. Cras non viverra est. Mauris ac mauris nisi. Aliquam erat volutpat.

Phasellus gravida aliquet tempor. Donec fringilla enim at arcu luctus fringilla. Nulla egestas arcu sed dapibus aliquet. Nunc at nibh sit amet nibh ultricies ultricies quis sit amet orci. Nulla facilisi. Lorem ipsum dolor sit amet, consectetur adipiscing elit. Donec mauris erat, auctor eget lacinia non, semper at tortor. Aenean lobortis urna sed sem semper ultricies at et ante. Ut dictum ex feugiat accumsan egestas. Aliquam a eros ac est iaculis eleifend non et tortor.

Nam rutrum eget ligula vel cursus. Phasellus quis lacinia lacus. In et leo ligula. Etiam blandit nisi a scelerisque placerat. Praesent sodales mauris eu nisi condimentum sollicitudin. Donec venenatis commodo molestie. Nullam egestas ipsum vitae blandit malesuada. Aenean vel eros laoreet, aliquam leo auctor, venenatis ex. Aliquam nec aliquam lacus. Pellentesque porta sagittis tortor a iaculis. Sed at blandit neque.

Quisque nibh ipsum, accumsan sit amet fringilla eu, pulvinar eget lorem. Mauris eget quam sed velit mollis tempus eu interdum purus. In scelerisque, purus non lacinia lobortis, mi arcu blandit urna, vitae eleifend tortor tellus id metus. Integer facilisis ultricies dapibus. Quisque porta vitae odio in commodo. Aenean pharetra rutrum pretium. Vivamus ut ligula nec ipsum varius congue. Donec egestas neque leo, sit amet aliquet velit finibus id. Proin at aliquam metus. Nam aliquam lacinia egestas. Proin luctus lectus sit amet bibendum finibus. Phasellus aliquam laoreet bibendum. Nullam quis turpis imperdiet, tincidunt risus eu, lobortis arcu.Lorem ipsum dolor sit amet, consectetur adipiscing elit. In elementum est a justo rhoncus vehicula. Vivamus sodales molestie neque a cursus. Phasellus vulputate vehicula purus sit amet lobortis. Nullam sit amet ante sit amet nunc pulvinar lacinia. Vestibulum id posuere velit. Vestibulum eu varius tortor. Sed semper dui vitae nisi malesuada, vitae pharetra ligula feugiat.

Sed ut lacus tortor. Aliquam egestas lacus eu libero dapibus bibendum. Vivamus porttitor est vitae felis placerat, a dictum erat suscipit. Proin ut viverra odio. Curabitur et tellus lorem. Maecenas vel tincidunt sapien, et pellentesque leo. Cras non viverra est. Mauris ac mauris nisi. Aliquam erat volutpat.

Phasellus gravida aliquet tempor. Donec fringilla enim at arcu luctus fringilla. Nulla egestas arcu sed dapibus aliquet. Nunc at nibh sit amet nibh ultricies ultricies quis sit amet orci. Nulla facilisi. Lorem ipsum dolor sit amet, consectetur adipiscing elit. Donec mauris erat, auctor eget lacinia non, semper at tortor. Aenean lobortis urna sed sem semper ultricies at et ante. Ut dictum ex feugiat accumsan egestas. Aliquam a eros ac est iaculis eleifend non et tortor.

Nam rutrum eget ligula vel cursus. Phasellus quis lacinia lacus. In et leo ligula. Etiam blandit nisi a scelerisque placerat. Praesent sodales mauris eu nisi condimentum sollicitudin. Donec venenatis commodo molestie. Nullam egestas ipsum vitae blandit malesuada. Aenean vel eros laoreet, aliquam leo auctor, venenatis ex. Aliquam nec aliquam lacus. Pellentesque porta sagittis tortor a iaculis. Sed at blandit neque.

Quisque nibh ipsum, accumsan sit amet fringilla eu, pulvinar eget lorem. Mauris eget quam sed velit mollis tempus eu interdum purus. In scelerisque, purus non lacinia lobortis, mi arcu blandit urna, vitae eleifend tortor tellus id metus. Integer facilisis ultricies dapibus. Quisque porta vitae odio in commodo. Aenean pharetra rutrum pretium. Vivamus ut ligula nec ipsum varius congue. Donec egestas neque leo, sit amet aliquet velit finibus id. Proin at aliquam metus. Nam aliquam lacinia egestas. Proin luctus lectus sit amet bibendum finibus. Phasellus aliquam laoreet bibendum. Nullam quis turpis imperdiet, tincidunt risus eu, lobortis arcu.Lorem ipsum dolor sit amet, consectetur adipiscing elit. In elementum est a justo rhoncus vehicula. Vivamus sodales molestie neque a cursus. Phasellus vulputate vehicula purus sit amet lobortis. Nullam sit amet ante sit amet nunc pulvinar lacinia. Vestibulum id posuere velit. Vestibulum eu varius tortor. Sed semper dui vitae nisi malesuada, vitae pharetra ligula feugiat.

Sed ut lacus tortor. Aliquam egestas lacus eu libero dapibus bibendum. Vivamus porttitor est vitae felis placerat, a dictum erat suscipit. Proin ut viverra odio. Curabitur et tellus lorem. Maecenas vel tincidunt sapien, et pellentesque leo. Cras non viverra est. Mauris ac mauris nisi. Aliquam erat volutpat.

Phasellus gravida aliquet tempor. Donec fringilla enim at arcu luctus fringilla. Nulla egestas arcu sed dapibus aliquet. Nunc at nibh sit amet nibh ultricies ultricies quis sit amet orci. Nulla facilisi. Lorem ipsum dolor sit amet, consectetur adipiscing elit. Donec mauris erat, auctor eget lacinia non, semper at tortor. Aenean lobortis urna sed sem semper ultricies at et ante. Ut dictum ex feugiat accumsan egestas. Aliquam a eros ac est iaculis eleifend non et tortor.

Nam rutrum eget ligula vel cursus. Phasellus quis lacinia lacus. In et leo ligula. Etiam blandit nisi a scelerisque placerat. Praesent sodales mauris eu nisi condimentum sollicitudin. Donec venenatis commodo molestie. Nullam egestas ipsum vitae blandit malesuada. Aenean vel eros laoreet, aliquam leo auctor, venenatis ex. Aliquam nec aliquam lacus. Pellentesque porta sagittis tortor a iaculis. Sed at blandit neque.

Quisque nibh ipsum, accumsan sit amet fringilla eu, pulvinar eget lorem. Mauris eget quam sed velit mollis tempus eu interdum purus. In scelerisque, purus non lacinia lobortis, mi arcu blandit urna, vitae eleifend tortor tellus id metus. Integer facilisis ultricies dapibus. Quisque porta vitae odio in commodo. Aenean pharetra rutrum pretium. Vivamus ut ligula nec ipsum varius congue. Donec egestas neque leo, sit amet aliquet velit finibus id. Proin at aliquam metus. Nam aliquam lacinia egestas. Proin luctus lectus sit amet bibendum finibus. Phasellus aliquam laoreet bibendum. Nullam quis turpis imperdiet, tincidunt risus eu, lobortis arcu.Lorem ipsum dolor sit amet, consectetur adipiscing elit. In elementum est a justo rhoncus vehicula. Vivamus sodales molestie neque a cursus. Phasellus vulputate vehicula purus sit amet lobortis. Nullam sit amet ante sit amet nunc pulvinar lacinia. Vestibulum id posuere velit. Vestibulum eu varius tortor. Sed semper dui vitae nisi malesuada, vitae pharetra ligula feugiat.

Sed ut lacus tortor. Aliquam egestas lacus eu libero dapibus bibendum. Vivamus porttitor est vitae felis placerat, a dictum erat suscipit. Proin ut viverra odio. Curabitur et tellus lorem. Maecenas vel tincidunt sapien, et pellentesque leo. Cras non viverra est. Mauris ac mauris nisi. Aliquam erat volutpat.

Phasellus gravida aliquet tempor. Donec fringilla enim at arcu luctus fringilla. Nulla egestas arcu sed dapibus aliquet. Nunc at nibh sit amet nibh ultricies ultricies quis sit amet orci. Nulla facilisi. Lorem ipsum dolor sit amet, consectetur adipiscing elit. Donec mauris erat, auctor eget lacinia non, semper at tortor. Aenean lobortis urna sed sem semper ultricies at et ante. Ut dictum ex feugiat accumsan egestas. Aliquam a eros ac est iaculis eleifend non et tortor.

Nam rutrum eget ligula vel cursus. Phasellus quis lacinia lacus. In et leo ligula. Etiam blandit nisi a scelerisque placerat. Praesent sodales mauris eu nisi condimentum sollicitudin. Donec venenatis commodo molestie. Nullam egestas ipsum vitae blandit malesuada. Aenean vel eros laoreet, aliquam leo auctor, venenatis ex. Aliquam nec aliquam lacus. Pellentesque porta sagittis tortor a iaculis. Sed at blandit neque.

Quisque nibh ipsum, accumsan sit amet fringilla eu, pulvinar eget lorem. Mauris eget quam sed velit mollis tempus eu interdum purus. In scelerisque, purus non lacinia lobortis, mi arcu blandit urna, vitae eleifend tortor tellus id metus. Integer facilisis ultricies dapibus. Quisque porta vitae odio in commodo. Aenean pharetra rutrum pretium. Vivamus ut ligula nec ipsum varius congue. Donec egestas neque leo, sit amet aliquet velit finibus id. Proin at aliquam metus. Nam aliquam lacinia egestas. Proin luctus lectus sit amet bibendum finibus. Phasellus aliquam laoreet bibendum. Nullam quis turpis imperdiet, tincidunt risus eu, lobortis arcu.Lorem ipsum dolor sit amet, consectetur adipiscing elit. In elementum est a justo rhoncus vehicula. Vivamus sodales molestie neque a cursus. Phasellus vulputate vehicula purus sit amet lobortis. Nullam sit amet ante sit amet nunc pulvinar lacinia. Vestibulum id posuere velit. Vestibulum eu varius tortor. Sed semper dui vitae nisi malesuada, vitae pharetra ligula feugiat.

Sed ut lacus tortor. Aliquam egestas lacus eu libero dapibus bibendum. Vivamus porttitor est vitae felis placerat, a dictum erat suscipit. Proin ut viverra odio. Curabitur et tellus lorem. Maecenas vel tincidunt sapien, et pellentesque leo. Cras non viverra est. Mauris ac mauris nisi. Aliquam erat volutpat.

Phasellus gravida aliquet tempor. Donec fringilla enim at arcu luctus fringilla. Nulla egestas arcu sed dapibus aliquet. Nunc at nibh sit amet nibh ultricies ultricies quis sit amet orci. Nulla facilisi. Lorem ipsum dolor sit amet, consectetur adipiscing elit. Donec mauris erat, auctor eget lacinia non, semper at tortor. Aenean lobortis urna sed sem semper ultricies at et ante. Ut dictum ex feugiat accumsan egestas. Aliquam a eros ac est iaculis eleifend non et tortor.

Nam rutrum eget ligula vel cursus. Phasellus quis lacinia lacus. In et leo ligula. Etiam blandit nisi a scelerisque placerat. Praesent sodales mauris eu nisi condimentum sollicitudin. Donec venenatis commodo molestie. Nullam egestas ipsum vitae blandit malesuada. Aenean vel eros laoreet, aliquam leo auctor, venenatis ex. Aliquam nec aliquam lacus. Pellentesque porta sagittis tortor a iaculis. Sed at blandit neque.

Quisque nibh ipsum, accumsan sit amet fringilla eu, pulvinar eget lorem. Mauris eget quam sed velit mollis tempus eu interdum purus. In scelerisque, purus non lacinia lobortis, mi arcu blandit urna, vitae eleifend tortor tellus id metus. Integer facilisis ultricies dapibus. Quisque porta vitae odio in commodo. Aenean pharetra rutrum pretium. Vivamus ut ligula nec ipsum varius congue. Donec egestas neque leo, sit amet aliquet velit finibus id. Proin at aliquam metus. Nam aliquam lacinia egestas. Proin luctus lectus sit amet bibendum finibus. Phasellus aliquam laoreet bibendum. Nullam quis turpis imperdiet, tincidunt risus eu, lobortis arcu.Lorem ipsum dolor sit amet, consectetur adipiscing elit. In elementum est a justo rhoncus vehicula. Vivamus sodales molestie neque a cursus. Phasellus vulputate vehicula purus sit amet lobortis. Nullam sit amet ante sit amet nunc pulvinar lacinia. Vestibulum id posuere velit. Vestibulum eu varius tortor. Sed semper dui vitae nisi malesuada, vitae pharetra ligula feugiat.

Sed ut lacus tortor. Aliquam egestas lacus eu libero dapibus bibendum. Vivamus porttitor est vitae felis placerat, a dictum erat suscipit. Proin ut viverra odio. Curabitur et tellus lorem. Maecenas vel tincidunt sapien, et pellentesque leo. Cras non viverra est. Mauris ac mauris nisi. Aliquam erat volutpat.

Phasellus gravida aliquet tempor. Donec fringilla enim at arcu luctus fringilla. Nulla egestas arcu sed dapibus aliquet. Nunc at nibh sit amet nibh ultricies ultricies quis sit amet orci. Nulla facilisi. Lorem ipsum dolor sit amet, consectetur adipiscing elit. Donec mauris erat, auctor eget lacinia non, semper at tortor. Aenean lobortis urna sed sem semper ultricies at et ante. Ut dictum ex feugiat accumsan egestas. Aliquam a eros ac est iaculis eleifend non et tortor.

Nam rutrum eget ligula vel cursus. Phasellus quis lacinia lacus. In et leo ligula. Etiam blandit nisi a scelerisque placerat. Praesent sodales mauris eu nisi condimentum sollicitudin. Donec venenatis commodo molestie. Nullam egestas ipsum vitae blandit malesuada. Aenean vel eros laoreet, aliquam leo auctor, venenatis ex. Aliquam nec aliquam lacus. Pellentesque porta sagittis tortor a iaculis. Sed at blandit neque.

Quisque nibh ipsum, accumsan sit amet fringilla eu, pulvinar eget lorem. Mauris eget quam sed velit mollis tempus eu interdum purus. In scelerisque, purus non lacinia lobortis, mi arcu blandit urna, vitae eleifend tortor tellus id metus. Integer facilisis ultricies dapibus. Quisque porta vitae odio in commodo. Aenean pharetra rutrum pretium. Vivamus ut ligula nec ipsum varius congue. Donec egestas neque leo, sit amet aliquet velit finibus id. Proin at aliquam metus. Nam aliquam lacinia egestas. Proin luctus lectus sit amet bibendum finibus. Phasellus aliquam laoreet bibendum. Nullam quis turpis imperdiet, tincidunt risus eu, lobortis arcu.Lorem ipsum dolor sit amet, consectetur adipiscing elit. In elementum est a justo rhoncus vehicula. Vivamus sodales molestie neque a cursus. Phasellus vulputate vehicula purus sit amet lobortis. Nullam sit amet ante sit amet nunc pulvinar lacinia. Vestibulum id posuere velit. Vestibulum eu varius tortor. Sed semper dui vitae nisi malesuada, vitae pharetra ligula feugiat.

Sed ut lacus tortor. Aliquam egestas lacus eu libero dapibus bibendum. Vivamus porttitor est vitae felis placerat, a dictum erat suscipit. Proin ut viverra odio. Curabitur et tellus lorem. Maecenas vel tincidunt sapien, et pellentesque leo. Cras non viverra est. Mauris ac mauris nisi. Aliquam erat volutpat.

Phasellus gravida aliquet tempor. Donec fringilla enim at arcu luctus fringilla. Nulla egestas arcu sed dapibus aliquet. Nunc at nibh sit amet nibh ultricies ultricies quis sit amet orci. Nulla facilisi. Lorem ipsum dolor sit amet, consectetur adipiscing elit. Donec mauris erat, auctor eget lacinia non, semper at tortor. Aenean lobortis urna sed sem semper ultricies at et ante. Ut dictum ex feugiat accumsan egestas. Aliquam a eros ac est iaculis eleifend non et tortor.

Nam rutrum eget ligula vel cursus. Phasellus quis lacinia lacus. In et leo ligula. Etiam blandit nisi a scelerisque placerat. Praesent sodales mauris eu nisi condimentum sollicitudin. Donec venenatis commodo molestie. Nullam egestas ipsum vitae blandit malesuada. Aenean vel eros laoreet, aliquam leo auctor, venenatis ex. Aliquam nec aliquam lacus. Pellentesque porta sagittis tortor a iaculis. Sed at blandit neque.

Quisque nibh ipsum, accumsan sit amet fringilla eu, pulvinar eget lorem. Mauris eget quam sed velit mollis tempus eu interdum purus. In scelerisque, purus non lacinia lobortis, mi arcu blandit urna, vitae eleifend tortor tellus id metus. Integer facilisis ultricies dapibus. Quisque porta vitae odio in commodo. Aenean pharetra rutrum pretium. Vivamus ut ligula nec ipsum varius congue. Donec egestas neque leo, sit amet aliquet velit finibus id. Proin at aliquam metus. Nam aliquam lacinia egestas. Proin luctus lectus sit amet bibendum finibus. Phasellus aliquam laoreet bibendum. Nullam quis turpis imperdiet, tincidunt risus eu, lobortis arcu.","1","1","0","2","1","0","0","0","0",NULL,NULL,NULL,NULL,NULL
